{"r2": 0.5653887296334597, "mae": 33.8041660214768, "_timestamp": 1727790848.770684, "_runtime": 9.420722007751465, "_step": 1, "feature_importance": {"_type": "image-file", "sha256": "bb18e90c67cbcdd3ee8fa07bca0bfc3b68da5e566725bbf03be09b576eb5e8c9", "size": 33979, "path": "media/images/feature_importance_1_bb18e90c67cbcdd3ee8f.png", "format": "png", "width": 1000, "height": 1000}, "_wandb": {"runtime": 7}}